Legislação,Número,Link Ficha,Modalidade,Tipo,Objeto,Data Abertura,Data Publicação,Município,Órgão,Situação,Valor Referência (R$),Valor Adjudicado (R$)
Lei n° 14.133/2021,005/2026-CMAC,https://www.tcmpa.tc.br/mural-de-licitacoes/licitacoes/ficha/4286921,"INEXIGIBILIDADE, ART. 74, INCISO III, “C”",NÃO SE APLICA,"CONTRATAÇÃO DE PESSOA JURÍDICA PARA A PRESTAÇÃO DE SERVIÇOS TÉCNICOS ESPECIALIZADOS DE SUPORTE TECNOLÓGICO, ASSESSORIA TÉCNICA EM INFORMÁTICA E APOIO ADMINISTRATIVO ESPECIALIZADO, COMPREENDENDO A IMPLANTAÇÃO, ORGANIZAÇÃO, MANUTENÇÃO E ACOMPANHAMENTO DE ROTINAS E FLUXOS DIGITAIS ADMINISTRATIVOS DA CÂMARA MUNICIPAL DE AUGUSTO CORRÊA.",04/03/2026,21/07/2026,AUGUSTO CORREA,CAMARA MUNICIPAL DE AUGUSTO CORREA,REALIZADA,"100.000,00","100.000,00"
Lei n° 14.133/2021,047/2026- PE,https://www.tcmpa.tc.br/mural-de-licitacoes/licitacoes/ficha/4334211,PREGÃO ELETRÔNICO,MENOR PREÇO,AQUISIÇÃO DE 02 (DOIS) CAMINHÕES COMPACTADORES PARA ATENDER A DEMANDA DO MUNICÍPIO DE ITAITUBA-PA.,03/08/2026,21/07/2026,ITAITUBA,PREFEITURA MUNICIPAL DE ITAITUBA,PUBLICADA,"1.123.253,34","0,00"
Lei n° 14.133/2021,017/2026-SEMEC,https://www.tcmpa.tc.br/mural-de-licitacoes/licitacoes/ficha/4333626,"INEXIGIBILIDADE, ART. 74, INCISO V",MENOR PREÇO,"LOCAÇÃO DE IMÓVEL SITUADO RIO MARACAPUCU, SN - RIO MARACAPUCU, ILHAS DE ABAETETUBA. CEP : 68440000- ABAETETUBA - PARÁ, TENDO COMO FINALIDADE PRECÍPUA O FUNCIONAMENTO DA EMEIF SAGRADO CORAÇÃO DE JESUS, LOCALIZADA NO RIO MARACAPUCU SAGRADO, ZONA RURAL DO MUNICIPIO DE ABAETETUBA.",01/04/2026,21/07/2026,ABAETETUBA,FUNDEB,PUBLICADA,"24.000,00","24.000,00"
Lei n° 14.133/2021,001/2026-CMSF,https://www.tcmpa.tc.br/mural-de-licitacoes/licitacoes/ficha/4333571,"INEXIGIBILIDADE, ART. 74, INCISO III, “C”",NÃO SE APLICA,"CONTRATAÇÃO DE PESSOA JURÍDICA PARA PRESTAÇÃO DE SERVIÇOS TÉCNICOS DE ASSESSORIA E CONSULTORIA JURÍDICA, A FIM DE ATENDER AS NECESSIDADES DA CÂMARA MUNICIPAL DE SÃO FRANCISCO DO PARÁ.",08/01/2026,21/07/2026,SAO FRANCISCO DO PARA,CAMARA MUNICIPAL DE SAO FRANCISCO DO PARA,PUBLICADA,"156.000,00","156.000,00"
Lei n° 14.133/2021,002/2026-CMSF,https://www.tcmpa.tc.br/mural-de-licitacoes/licitacoes/ficha/4333598,"INEXIGIBILIDADE, ART. 74, INCISO III, “C”",NÃO SE APLICA,"CONTRATAÇÃO DE PESSOA JURÍDICA PARA PRESTAÇÃO DE SERVIÇOS TÉCNICOS DE CONSULTORIA E ASSESSORIA CONTÁBIL, A FIM DE ATENDER AS NECESSIDADES DA CÂMARA MUNICIPAL DE SÃO FRANCISCO DO PARÁ.",08/01/2026,21/07/2026,SAO FRANCISCO DO PARA,CAMARA MUNICIPAL DE SAO FRANCISCO DO PARA,PUBLICADA,"156.000,00","156.000,00"
Lei n° 14.133/2021,001/2026,https://www.tcmpa.tc.br/mural-de-licitacoes/licitacoes/ficha/4332616,PREGÃO ELETRÔNICO,MENOR PREÇO,"REGISTRO DE PREÇOS PARA FUTURA E EVENTUAL CONTRATAÇÃO DE EMPRESA ESPECIALIZADA NO FORNECIMENTO DE MEDICAMENTOS GERAIS, CONTROLADOS E MATERIAIS CORRELATOS PARA ATENDER AS NECESSIDADES DA SECRETARIA MUNICIPAL DE SAÚDE.",22/07/2026,21/07/2026,CURRALINHO,FUNDO MUNICIPAL DE SAUDE,PUBLICADA,"15.240.600,61","0,00"
Lei n° 14.133/2021,ADESÃO DE ATA REGISTRO DE PREÇOS – Nº 005/2026,https://www.tcmpa.tc.br/mural-de-licitacoes/licitacoes/ficha/4333791,ADESÃO A ATA DE SRP (CONCORRÊNCIA PÚBLICA E PREGÃO PRESENCIAL OU ELETRÔNICO),NÃO SE APLICA,"CONTRATAÇÃO DE EMPRESA PARA PRESTAÇÃO DE SERVIÇOS DE LOCAÇÃO DE ESTRUTURAS, SONORIZAÇÃO, ILUMINAÇÃO, MÃO DE OBRA, ATRAÇÕES ARTÍSTICAS E SHOWS PIROTÉCNICOS, VISANDO EVENTOS DO CALENDÁRIO CULTURAL DO MUNICÍPIO DE SÃO JOÃO DA PONTA/PA.",27/05/2026,21/07/2026,SAO JOAO DA PONTA,PREFEITURA MUNICIPAL DE SAO JOAO DA PONTA,REALIZADA,"1.921.643,99","1.790.880,00"
Lei n° 14.133/2021,6.003/2026,https://www.tcmpa.tc.br/mural-de-licitacoes/licitacoes/ficha/4334039,"INEXIGIBILIDADE, ART. 74, INCISO V",MENOR PREÇO,"LOCAÇÃO DE IMÓVEL URBANO, LOCALIZADO NA AVENIDA GETÚLIO VARGAS, Nº 244, BAIRRO CENTRO, CACHOEIRA DO PIRIÁ/PA, DESTINADO AO FUNCIONAMENTO DA SECRETARIA MUNICIPAL DE MEIO AMBIENTE DE CACHOEIRA DO PIRIÁ",23/01/2026,21/07/2026,CACHOEIRA DO PIRIA,PREFEITURA MUNICIPAL DE CACHOEIRA DO PIRIA,PUBLICADA,"48.000,00","0,00"
Lei n° 14.133/2021,INEXIGIBILIDADE DE LICITAÇÃO Nº 005/2026,https://www.tcmpa.tc.br/mural-de-licitacoes/licitacoes/ficha/4333900,"INEXIGIBILIDADE, ART. 74, INCISO V",NÃO SE APLICA,"LOCAÇÃO DE IMÓVEL URBANO, LOCALIZADO A AV. GOVERNADOR JOSÉ MALCHER, Nº 1271, DESTINADO À INSTALAÇÃO E FUNCIONAMENTO DO CENTRO DE TESTAGEM E ACONSELHAMENTO – CTA, VINCULADO À SECRETARIA MUNICIPAL DE SAÚDE DE BELÉM – SESMA",16/04/2026,21/07/2026,BELEM,FUNDO MUNICIPAL DE SAUDE,REALIZADA,"288.000,00","288.000,00"
Lei n° 14.133/2021,003/2026-CMI,https://www.tcmpa.tc.br/mural-de-licitacoes/licitacoes/ficha/4333810,"INEXIGIBILIDADE, ART. 74, INCISO III, “C”",NÃO SE APLICA,"CONTRATAÇÃO DE EMPRESA ESPECIALIZADA PARA PRESTAÇÃO DE SERVIÇOS TÉCNICOS DE CONSULTORIA E ASSESSORIA ADMINISTRATIVA E FINANCEIRA, ABRANGENDO ROTINAS ADMINISTRATIVAS, OPERACIONAIS, ORÇAMENTÁRIAS, FINANCEIRAS E DE APOIO À GESTÃO INTERNA, PARA ATENDER ÀS NECESSIDADES DÀ CÂMARA MUNICIPAL DE INHANGAPI/PA",24/04/2026,21/07/2026,INHANGAPI,CAMARA MUNICIPAL DE INHANGAPI,REALIZADA,"54.000,00","54.000,00"
Lei n° 14.133/2021,020/2026,https://www.tcmpa.tc.br/mural-de-licitacoes/licitacoes/ficha/4334003,PREGÃO ELETRÔNICO,MENOR PREÇO,"AQUISIÇÃO DE GÊNEROS ALIMENTÍCIOS DESTINADOS AO
ATENDIMENTO DA ALIMENTAÇÃO ESCOLAR",04/08/2026,21/07/2026,TOME-ACU,FUNDO MUNICIPAL DE EDUCACAO,PUBLICADA,"8.527.099,77","0,00"
Lei n° 14.133/2021,PE/9.2026-021/PMP-SRP,https://www.tcmpa.tc.br/mural-de-licitacoes/licitacoes/ficha/4333323,PREGÃO ELETRÔNICO,MENOR PREÇO,"REGISTRO DE PREÇOS PARA FUTURA CONTRATAÇÃO DE PESSOA JURÍDICA PARA
PRESTAÇÃO DE SERVIÇOS DE HOTELARIA/HOSPEDAGEM EM HOTEL DENTRO DO PERÍMETRO URBANO DO MUNICÍPIO DE PRAINHA, VISANDO ATENDER ÀS NECESSIDADES DA PREFEITURA MUNICIPAL, DAS SECRETARIAS MUNICIPAIS, DOS FUNDOS MUNICIPAIS E DEMAIS ÓRGÃOS INTEGRANTES DA ESTRUTURA ADMINISTRATIVA DO MUNICÍPIO DE PRAINHA/PA",05/08/2026,21/07/2026,PRAINHA,PREFEITURA MUNICIPAL DE PRAINHA,PUBLICADA,"336.306,20","0,00"
Lei n° 14.133/2021,PE 118.26.SMS,https://www.tcmpa.tc.br/mural-de-licitacoes/licitacoes/ficha/4333420,PREGÃO ELETRÔNICO,MENOR PREÇO,"REGISTRO DE PREÇOS PARA EVENTUAL AQUISIÇÃO DE CESTAS BÁSICAS PADRONIZADAS, COMPOSTAS POR GÊNEROS ALIMENTÍCIOS, DESTINADAS AOS PACIENTES PORTADORES DE HANSENÍASE EM TRATAMENTO NO MUNICÍPIO DE MARABÁ, PARA ATENDER AS NECESSIDADES DEPARTAMENTO DE ATENÇÃO BÁSICA.",03/08/2026,21/07/2026,MARABA,FUNDO MUNICIPAL DE SAUDE,PUBLICADA,"428.590,80","0,00"
Lei n° 14.133/2021,041-2026 FMS,https://www.tcmpa.tc.br/mural-de-licitacoes/licitacoes/ficha/4334102,PREGÃO ELETRÔNICO,MENOR PREÇO,"CONTRATAÇÃO DE EMPRESA ESPECIALIZADA NA PRESTAÇÃO DE SERVIÇOS DE AGENCIAMENTO DE PASSAGENS AÉREAS NACIONAIS, COMPREENDENDO RESERVA, EMISSÃO, MARCAÇÃO, REMARCAÇÃO, CANCELAMENTO, REEMBOLSO, ALTERAÇÃO DE DATAS E HORÁRIOS, ATENDENDO AS NECESSIDADES DO FUNDO MUNICIPAL DE SAÚDE RONDON DO PARÁ.",05/08/2026,21/07/2026,RONDON DO PARA,FUNDO MUNICIPAL DE SAUDE,PUBLICADA,"121.752,52","0,00"
Lei n° 14.133/2021,007/2026,https://www.tcmpa.tc.br/mural-de-licitacoes/licitacoes/ficha/4334113,"INEXIGIBILIDADE, ART. 74, INCISO II",MELHOR TÉCNICA OU CONTEÚDO ARTÍSTICO,"CONTRATAÇÃO DA APARELHAGENS “CARABAO, O MÁXIMO DO MARAJÓ”, NA DATA
DE 01/08/2026, E “CARABAO, O BÚFALO DO MARAJÓ”, NA DATA DE 31/07/2026, PARA A PROGRAMAÇÃO EM QUE NO MÊS DE JULHO, PERIODO DE FÉRIAS ACONTECERÁ O VERÃO PIRABAS 2026 EM SÃO JOÃO DE PIRABAS NO ESPAÇO CULTURAL MARIA PAJÉ",09/07/2026,21/07/2026,SAO JOAO DE PIRABAS,PREFEITURA MUNICIPAL DE SAO JOAO DE PIRABAS,REALIZADA,"182.000,00","150.000,00"
Lei n° 14.133/2021,021/2026,https://www.tcmpa.tc.br/mural-de-licitacoes/licitacoes/ficha/4334125,PREGÃO ELETRÔNICO,MENOR PREÇO,REGISTRO DE PREÇOS PARA EVENTUAL PRESTAÇÃO DE SERVIÇOS LABORATORIAIS PARA ATENDER O FUNDO MUNICIPAL DE SAÚDE DE SENADOR JOSÉ PORFÍRIO.,31/07/2026,21/07/2026,SENADOR JOSE PORFIRIO,FUNDO MUNICIPAL DE SAUDE,PUBLICADA,"1.712.701,14","0,00"
Lei n° 14.133/2021,007/2026 – SEMAP,https://www.tcmpa.tc.br/mural-de-licitacoes/licitacoes/ficha/4294229,PREGÃO ELETRÔNICO,MENOR PREÇO,"AQUISIÇÃO DE EQUIPAMENTO PERMANENTE E DE CONSUMO, PARA SUPRIR AS NECESSIDADES DA SECRETARIA MUNICIPAL DE AGRICULTURA E PESCA",29/04/2026,21/07/2026,SANTAREM,SECRETARIA MUNICIPAL DE AGRICULTURA E PESCA,PUBLICADA,"340.576,82","0,00"
Lei n° 14.133/2021,9.2026-00031,https://www.tcmpa.tc.br/mural-de-licitacoes/licitacoes/ficha/4334311,PREGÃO ELETRÔNICO,MENOR PREÇO,"SISTEMA REGISTRO DE PREÇOS- CONTRATAÇÃO DE EMPRESA ESPECIALIZADA PARA O FORNECIMENTO CONTÍNUO DE MATERIAIS TÉCNICOS DESCARTÁVEIS, DESTINADOS AO ATENDIMENTO DA REDE PÚBLICA DE SAÚDE, SOB A GESTÃO DA SECRETARIA MUNICIPAL DE SAÚDE DO MUNICIPIO DE ÓBIDOS/PARÁ, VISANDO GARANTIR O ABASTECIMENTO REGULAR DAS UNIDADES DE SAÚDE E A CONTINUIDADE DOS SERVIÇOS ASSISTENCIAIS PRESTADOS À POPULAÇÃO.",31/07/2026,21/07/2026,OBIDOS,FUNDO MUNICIPAL DE SAUDE,PUBLICADA,"3.175.274,39","0,00"
Lei n° 14.133/2021,9.2026-00014,https://www.tcmpa.tc.br/mural-de-licitacoes/licitacoes/ficha/4333703,PREGÃO ELETRÔNICO,MENOR PREÇO,"CONTRATAÇÃO DE EMPRESA ESPECIALIZADA PARA FORNECIMENTO, MONTAGEM, MANUTENÇÃO E DESMONTAGEM DA ESTRUTURA COMPLETA PARA RODEIO, INCLUINDO: ARENA COM BRETES E CURRAIS, ARQUIBANCADAS E CAMAROTES, PALCO, ILUMINAÇÃO E SONORIZAÇÃO E IMAGENS EM TEMPO REAL EM TELÃO, ALAMBRADO DE SEGURANÇA, BANHEIROS QUÍMICOS, EQUIPE DE APOIO TÉCNICO, SHOW DE ABERTURA DO EVENTO, SHOW PIROTÉCNICO, LOCUÇÃO ESPECIALIZADA, E DEMAIS EXIGÊNCIAS ESTABELECIDAS NESTE EDITAL E SEUS ANEXOS",05/08/2026,21/07/2026,URUARA,PREFEITURA MUNICIPAL DE URUARA,PUBLICADA,"1.215.233,33","0,00"
Lei n° 14.133/2021,029/2026,https://www.tcmpa.tc.br/mural-de-licitacoes/licitacoes/ficha/4334380,PREGÃO ELETRÔNICO,MENOR PREÇO,"PREGÃO ELETRÔNICO PARA CONTRATAÇÃO DE EMPRESA ESPECIALIZADA PARA O FORNECIMENTO DE 02 (DUAS) AMBULANCHAS (AMBULÂNCIA TIPO F), CONFORME A EMENDA PARLAMENTAR DE Nº 202239010002 (PLANO DE AÇÃO 09032022-015371/2022), E A EMENDA PARLAMENTAR DE Nº 202543900005 (PLANO DE AÇÃO 09032025-2-088447/2025), PARA ATENDER AS NECESSIDADES DA SECRETARIA MUNICIPAL DE SAÚDE - SEMSA",07/08/2026,21/07/2026,SANTAREM,FUNDO MUNICIPAL DE SAUDE,PUBLICADA,"711.658,22","0,00"
Lei n° 14.133/2021,DP 038.2026.CPL,https://www.tcmpa.tc.br/mural-de-licitacoes/licitacoes/ficha/4333968,"DISPENSA, ART. 75, INCISO II",NÃO SE APLICA,AQUISIÇÃO DE EQUIPAMENTO DE SOM PARA ATENDER AS NECESSIDADES DA SECRETARIA DE CULTURA - SECULT.,06/07/2026,21/07/2026,MARABA,SECRETARIA MUNICIPAL DE ADMINISTRACAO,REALIZADA,"28.572,80","28.572,80"
Lei n° 14.133/2021,6.2026-0016,https://www.tcmpa.tc.br/mural-de-licitacoes/licitacoes/ficha/4334207,"INEXIGIBILIDADE, ART. 74, INCISO III, “A”",NÃO SE APLICA,"CONTRATAÇÃO DE EMPRESA ESPECIALIZADA PARA PRESTAÇÃO DE SERVIÇOS TÉCNICOS DE ENGENHARIA E ARQUITETURA DESTINADOS À ELABORAÇÃO DO PROJETO DE IMPLANTAÇÃO DA ORLA MUNICIPAL DE IPIXUNA DO PARÁ/PA, EM TRECHO APROXIMADO DE 630 (SEISCENTOS E TRINTA) METROS ÀS MARGENS DO RIO QUE BANHA O MUNICÍPIO",29/06/2026,21/07/2026,IPIXUNA DO PARA,PREFEITURA MUNICIPAL DE IPIXUNA DO PARA,PUBLICADA,"120.000,00","0,00"
Lei n° 14.133/2021,7/2026-023FME,https://www.tcmpa.tc.br/mural-de-licitacoes/licitacoes/ficha/4333690,"DISPENSA, ART. 75, INCISO I",MENOR PREÇO,CONTRATAÇÃO DE EMPRESA ESPECIALIZADA PARA EXECUÇÃO DE SERVIÇOS DE CONSTRUÇÃO DE DIVISÓRIAS E FORRO EM DRY-WALL DO NOVO ALMOXARIFADO E DO DEPARTAMENTO DE RECURSOS HUMANOS DA SECRETARIA MUNICIPAL DE EDUCAÇÃO DE TUCUMÃ-PA.,11/05/2026,21/07/2026,TUCUMA,FUNDO MUNICIPAL DE EDUCACAO,REALIZADA,"102.598,69","98.994,44"
Lei n° 14.133/2021,7/2026-030601,https://www.tcmpa.tc.br/mural-de-licitacoes/licitacoes/ficha/4333803,"DISPENSA, ART. 75, INCISO II",MENOR PREÇO,"CONTRATAÇÃO DE EMPRESA ESPECIALIZADA PARA FORNECIMENTO DE SOLUÇÃO INTEGRADA DE SISTEMA LEGISLATIVO, CONTEMPLANDO SOFTWARE DE VOTAÇÃO ELETRÔNICA, SISTEMA DIGITAL DE PRESENÇA, SISTEMA DE PROCESSO LEGISLATIVO E MÓDULO DE GERAÇÃO E GERENCIAMENTO DE ATAS ELETRÔNICAS DAS SESSÕES LEGISLATIVAS DA CÂMARA MUNICIPAL DE ÓBIDOS.",16/06/2026,21/07/2026,OBIDOS,CAMARA MUNICIPAL DE OBIDOS,REALIZADA,"55.421,08","26.400,00"
Lei n° 14.133/2021,005/2026,https://www.tcmpa.tc.br/mural-de-licitacoes/licitacoes/ficha/4313718,"INEXIGIBILIDADE, ART. 74, INCISO IV, CREDENCIAMENTO",NÃO SE APLICA,"CREDENCIAMENTO PARA CONTRATAÇÃO DE PESSOA JURÍDICA COM OU SEM FINS LUCRATIVOS PARA PRESTAÇÃO DE SERVIÇOS MÉDICOS HOSPITALARES, CLÍNICO GERAL, PLANTONISTAS, ESPECIALIZADAS E AMBULATORIAL.",18/06/2026,21/07/2026,AFUA,PREFEITURA MUNICIPAL DE AFUA,PUBLICADA,"17.919.279,24","0,00"
Lei n° 14.133/2021,005/2026-CMSF,https://www.tcmpa.tc.br/mural-de-licitacoes/licitacoes/ficha/4333725,"INEXIGIBILIDADE, ART. 74, INCISO III, “C”",NÃO SE APLICA,"CONTRATAÇÃO DE PESSOA JURÍDICA ESPECIALIZADA EM SERVIÇOS DE APOIO TÉCNICOS OPERACIONAIS NA AREA DE RECURSOS HUMANOS/DEPARTAMENTO PESSOAL, ELABORAÇÃO E SUPORTE EM FOLHA DE PAGAMENTO, ESOCIAL-REINF, DCTF WEB, ACOMPANHAMENTO E ATUALIZAÇÃO DO ECAC JUNTO A RECEITA FEDERAL E EMISSÃO DE DARF PREVIDENCIÁRIO.",16/04/2026,21/07/2026,SAO FRANCISCO DO PARA,CAMARA MUNICIPAL DE SAO FRANCISCO DO PARA,REALIZADA,"80.000,00","80.000,00"
Lei n° 14.133/2021,7.2026-011-SEMUTS,https://www.tcmpa.tc.br/mural-de-licitacoes/licitacoes/ficha/4333829,"DISPENSA, ART. 75, INCISOS IX",MENOR PREÇO,"CONTRATAÇÃO DE EMPRESA PARA A PRESTAÇÃO DE SERVIÇOS DE LICENÇA DE USO ANUAL DO SISTEMA ESPECÍFICO DE IDENTIFICAÇÃO E COMUNICAÇÃO DA SECRETARIA DE ESTADO E SEGURANÇA PÚBLICA, PARA EMISSÃO DE RG – REGISTRO GERAL, CONFORME TERMO DE COOPERAÇÃO TÉCNICA Nº. 040/2024-PC/PA-PMVX.",27/04/2026,21/07/2026,VITORIA DO XINGU,FUNDO MUNICIPAL DE ASSISTENCIA SOCIAL,REALIZADA,"6.289,10","6.289,10"
Lei n° 14.133/2021,048/2026- PE,https://www.tcmpa.tc.br/mural-de-licitacoes/licitacoes/ficha/4334235,PREGÃO ELETRÔNICO,MENOR PREÇO,AQUISIÇÃO DE EQUIPAMENTOS E MATERIAIS DE PINTURA DESTINADOS À MANUTENÇÃO DAS UNIDADES ESCOLARES E DA SEDE DA SECRETARIA MUNICIPAL DE EDUCAÇÃO DO MUNICÍPIO DE ITAITUBA-PA.,31/07/2026,21/07/2026,ITAITUBA,SEME/FUNDO M DE EDUCACAO,PUBLICADA,"3.573.801,28","0,00"
Lei n° 14.133/2021,015/2026,https://www.tcmpa.tc.br/mural-de-licitacoes/licitacoes/ficha/4334316,"INEXIGIBILIDADE, ART. 74, INCISO I",NÃO SE APLICA,"LOCAÇÃO DE ESTANDE INSTITUCIONAL, MEDINDO 36M² (6X6), COM ESTRUTURA COMPLETA, NA EXPOTURISMO & HOTEIS 2026, A SER REALIZADOS NOS DIAS 09 À 11 DE JULHO DE  2026, NO CENTRO DE CONVENÇÕES SANTARÉM-PÁ",08/07/2026,21/07/2026,BELTERRA,SEC. MUN. DE ADMINISTRACAO E GOVERNO - SEMAG,PUBLICADA,"20.000,00","0,00"
Lei n° 14.133/2021,005/2026,https://www.tcmpa.tc.br/mural-de-licitacoes/licitacoes/ficha/4333914,"INEXIGIBILIDADE, ART. 74, INCISO IV, CREDENCIAMENTO",NÃO SE APLICA,"CREDENCIAMENTO PARA A CONTRATAÇÃO DE EMPRESA PARA FORNECIMENTO DE SERVIÇO DE FRETAMENTO DE AERONAVE (TÁXI AÉREO), ATENDENDO AS NECESSIDADES DA PREFEITURA MUNICIPAL DE ALTAMIRA/PA",05/08/2026,21/07/2026,ALTAMIRA,PREFEITURA MUNICIPAL DE ALTAMIRA,PUBLICADA,"2.731.093,50","0,00"
Lei n° 14.133/2021,6.2026-0014,https://www.tcmpa.tc.br/mural-de-licitacoes/licitacoes/ficha/4333695,"INEXIGIBILIDADE, ART. 74, INCISO III, “B”",NÃO SE APLICA,"CONTRATACÃO DE SERVICO MÉDICO ESPECIALISTA EM CARDIOLOGIA, OBJETIVANDO ATENDER AS NECESSIDADES DA SECRETARIA MUNICIPAL DE SAÚDE DO MUNICÍPIO DE SANTA BÁRBARA DO PARÁ/PA",22/06/2026,21/07/2026,SANTA BARBARA DO PARA,FUNDO MUNICIPAL DE SAUDE,REALIZADA,"56.000,00","56.000,00"
Lei n° 14.133/2021,9.2026-00034,https://www.tcmpa.tc.br/mural-de-licitacoes/licitacoes/ficha/4334288,PREGÃO ELETRÔNICO,MENOR PREÇO,"SISTEMA DE REGISTRO DE PREÇOS PARA FUTURA E EVENTUAL CONTRATAÇÃO DE EMPRESA ESPECIALIZADA NA LOCAÇÃO DE VEÍCULOS E EQUIPAMENTOS, SEM OPERADOR, COM MANUTENÇÃO PREVENTIVA E CORRETIVA POR CONTA DA CONTRATADA, VISANDO ATENDER ÀS DEMANDAS CONTÍNUAS, ROTINEIRAS E EMERGENCIAIS DA SECRETARIA MUNICIPAL DE SANEAMENTO, URBANISMO E INFRAESTRUTURA – SEURBI DO MUNICÍPIO DE ÓBIDOS/PA, CONFORME ESPECIFICAÇÕES CONSTANTES NO TERMO DE REFERÊNCIA.",04/08/2026,21/07/2026,OBIDOS,PREFEITURA MUNICIPAL DE OBIDOS,PUBLICADA,"853.788,00","0,00"
Lei n° 14.133/2021,6-2026-007-INEX,https://www.tcmpa.tc.br/mural-de-licitacoes/licitacoes/ficha/4334291,"INEXIGIBILIDADE, ART. 74, INCISO III, “B”",NÃO SE APLICA,"PRESTAÇÃO DE SERVIÇOS PROFISSIONAIS DE ASSESSORIA E CONSULTORIA JURIDICA E ADMINISTRATIVA ESPECIALIZADA NA ÁREA DO DIREITO PUBLICO, PARA ATENDER A PREFEITURA MUNICIPAL DE SALINOPOLIS E SUAS SECRETARIAS.",27/05/2026,21/07/2026,SALINOPOLIS,PREFEITURA MUNICIPAL DE SALINOPOLIS,REALIZADA,"540.000,00","540.000,00"
Lei n° 14.133/2021,017/2026-INEX/SEMAD,https://www.tcmpa.tc.br/mural-de-licitacoes/licitacoes/ficha/4334312,"INEXIGIBILIDADE, ART. 74, INCISO III, “C”",NÃO SE APLICA,"CONTRATAÇÃO DE PESSOA JURÍDICA PARA PRESTAÇÃO DE SERVIÇOS TÉCNICOS ESPECIALIZADOS EM CONSULTORIA E ASSESSORIA E JURÍDICA, VISANDO À CAPACITAÇÃO, TREINAMENTO, IMPLANTAÇÃO, REGULAMENTAÇÃO DOS PROCEDIMENTOS ADMINISTRATIVOS DO MUNICÍPIO DE MARITUBA A LEI 14.133/2021, COMPREENDENDO A ESTRUTURAÇÃO DOS PROCESSOS DE LICITAÇÕES E CONTRATOS ADMINISTRATIVOS, TREINAMENTO OPERACIONAL DOS SERVIDORES E SUPORTE TÉCNICO PARA IMPLEMENTAÇÃO DAS BOAS PRÁTICAS DE GOVERNANÇA DAS CONTRATAÇÕES PÚBLICAS.",10/03/2026,21/07/2026,MARITUBA,PREFEITURA MUNICIPAL DE MARITUBA,REALIZADA,"49.500,00","49.500,00"
Lei n° 11.947/2009,002/2026-SEMED/PMLA,https://www.tcmpa.tc.br/mural-de-licitacoes/licitacoes/ficha/4328393,CHAMAMENTO PÚBLICO (LEI Nº 11.947/2009),NÃO SE APLICA,"AQUISIÇÃO DE GÊNEROS ALIMENTÍCIOS DIRETAMENTE DA AGRICULTURA FAMILIAR E DO EMPREENDEDOR FAMILIAR RURAL,  DESTINADO AO ATENDIMENTO DO PROGRAMA NACIONAL DE ALIMENTAÇÃO ESCOLAR- PNAE, NO MUNICÍPIO DE LIMOEIRO DO AJURU",22/07/2026,21/07/2026,LIMOEIRO DO AJURU,FUNDO MUNICIPAL DE EDUCAÇÃO,PUBLICADA,"3.106.308,75","0,00"
Lei n° 14.133/2021,9/2026-00049 - SRP,https://www.tcmpa.tc.br/mural-de-licitacoes/licitacoes/ficha/4333545,PREGÃO ELETRÔNICO,MENOR PREÇO,"“AQUISIÇÃO DE ARTEFATOS DE CONCRETO ARMADO, PRÉ-MOLDADOS, COMPREENDENDO TUBOS, ADUELAS/GALERIAS, BARREIRAS DE CONCRETO PERFIL NEW JERSEY E TAMPAS CIRCULARES, DESTINADOS A ATENDER ÀS DEMANDAS DA SECRETARIA MUNICIPAL DE INFRAESTRUTURA – SEMINFRA, NA IMPLANTAÇÃO, RECUPERAÇÃO E MANUTENÇÃO DE OBRAS DE INFRAESTRUTURA URBANA DESTINADAS À EXECUÇÃO, MANUTENÇÃO E AMPLIAÇÃO DE SISTEMAS DE DRENAGEM PLUVIAL E ESGOTAMENTO SANITÁRIO NO MUNICÍPIO DE PARAGOMINAS/PA.”",05/08/2026,21/07/2026,PARAGOMINAS,PREFEITURA MUNICIPAL DE PARAGOMINAS,PUBLICADA,"9.864.970,00","0,00"
Lei n° 14.133/2021,032/2026,https://www.tcmpa.tc.br/mural-de-licitacoes/licitacoes/ficha/4333876,"DISPENSA, ART. 75, INCISOS VIII",MENOR PREÇO,"AQUISIÇÃO DE MEDICAMENTOS, EM CUMPRIMENTO AO PROCESSO JUDICIAL Nº 0826821-40.2025.8.14.0301 EM FAVOR DO PACIENTE MARCOS LOPES COSTA",28/05/2025,21/07/2026,BELEM,FUNDO MUNICIPAL DE SAUDE,REALIZADA,"2.047,20","2.047,20"
Lei n° 14.133/2021,PE SRP 026/2026,https://www.tcmpa.tc.br/mural-de-licitacoes/licitacoes/ficha/4334237,PREGÃO ELETRÔNICO,MENOR PREÇO,"FORNECIMENTO DE COMBUSTÍVEIS, PARA ATENDER AS NECESSIDADES DA SECRETARIA MUNICIPAL DE SAÚDE DE MEDICILÂNDIA.",31/07/2026,21/07/2026,MEDICILANDIA,SEC. MUN. DE SAUDE/FUNDO DE SAUDE,PUBLICADA,"0,00","0,00"
Lei n° 14.133/2021,A.23026-003PMSJP,https://www.tcmpa.tc.br/mural-de-licitacoes/licitacoes/ficha/4331625,ADESÃO A ATA DE SRP (CONCORRÊNCIA PÚBLICA E PREGÃO PRESENCIAL OU ELETRÔNICO),MENOR PREÇO,"CONTRATAÇÃO DE EMPRESA ESPECIALIZADA PARA EXECUÇÃO, SOB DEMANDA, DE SERVIÇOS DE  
MANUTENÇÃO E CONSERVAÇÃO DE PAVIMENTOS EM VIAS DO MUNICÍPIO DE SENADOR JOSÉ  
PORFÍRIO/PA",27/02/2026,21/07/2026,SENADOR JOSE PORFIRIO,PREFEITURA MUNICIPAL DE SENADOR JOSE PORFIRIO,REALIZADA,"14.106.756,25","14.106.756,25"
Lei n° 14.133/2021,PE 119.26.SMS,https://www.tcmpa.tc.br/mural-de-licitacoes/licitacoes/ficha/4333492,PREGÃO ELETRÔNICO,MENOR PREÇO,"REGISTRO DE PREÇOS PARA A EVENTUAL AQUISIÇÃO DE IMPLANTE CONTRACEPTIVO DE LONGA DURAÇÃO DE ETONOGESTREL (IMPLANON), DESTINADOS A ATENDER AS NECESSIDADES DA SECRETARIA MUNICIPAL DE SAÚDE DE MARABÁ.",03/08/2026,21/07/2026,MARABA,FUNDO MUNICIPAL DE SAUDE,PUBLICADA,"2.502.650,00","0,00"
Lei n° 14.133/2021,018.2026.040.01,https://www.tcmpa.tc.br/mural-de-licitacoes/licitacoes/ficha/4333881,ADESÃO A ATA DE SRP (CONCORRÊNCIA PÚBLICA E PREGÃO PRESENCIAL OU ELETRÔNICO),MENOR PREÇO,"ADESÃO DE ATA DE CAMIONETE CABINE SIMPLES, VEÍCULO AUTOMOTOR TIPO CAMIONETE “PICK-UP”, ZERO QUILÔMETRO, PARA ATENDER ÀS DEMANDAS DA SECRETARIA DE OBRAS, TRANSPORTES E SERVIÇOS URBVANOS DO MUNICÍPIO DE ÁGUA AZUL DO NORTE – PA.",21/07/2026,21/07/2026,AGUA AZUL DO NORTE,PREFEITURA MUNICIPAL DE AGUA AZUL DO NORTE,PUBLICADA,"253.500,00","0,00"
Lei n° 14.133/2021,040-2026 FMS,https://www.tcmpa.tc.br/mural-de-licitacoes/licitacoes/ficha/4333979,PREGÃO ELETRÔNICO,MENOR PREÇO,"REGISTRO DE PREÇOS VISANDO FUTURA AQUISIÇÃO DE GÊNEROS ALIMENTÍCIOS, DESTINADOS A SUPRIR A DEMANDA DA SECRETARIA MUNICIPAL DE SAÚDE DE RONDON DO PARÁ.",03/08/2026,21/07/2026,RONDON DO PARA,FUNDO MUNICIPAL DE SAUDE,PUBLICADA,"780.778,18","0,00"
Lei n° 14.133/2021,005/2026,https://www.tcmpa.tc.br/mural-de-licitacoes/licitacoes/ficha/4333996,"INEXIGIBILIDADE, ART. 74, INCISO V",NÃO SE APLICA,"AQUISIÇÃO PELO MUNICÍPIO DE AFUÁ, DE BEM IMÓVEL URBANO DESTINADO À IMPLANTAÇÃO DAS 50 CASAS HABITACIONAIS DO PROGRAMA MINHA CASA MINHA VIDA (PMCMV) NO ÂMBITO DO MUNICIPIO DE AFUÁ/PA, CONSISTENTE EM TERRENO URBANO DESOCUPADO, LOCALIZADO NO BAIRRO DO CAPIM MARINHO, QUADRA Nº 48, LOCALIZADA ENTRE AS RUAS 07 E 08 ENTRE AS AVENIDAS Nº 05 E 06 E A QUADRA Nº 55, LOCALIZADA ENTRE AS RUAS Nº 08 E 09 E ENTRE AS AVENIDAS 05 E 06, ZONA URBANA DE AFUÁ/PA",15/06/2026,21/07/2026,AFUA,PREFEITURA MUNICIPAL DE AFUA,PUBLICADA,"250.000,00","0,00"
Outras,002/2026,https://www.tcmpa.tc.br/mural-de-licitacoes/licitacoes/ficha/4333417,OUTRAS DESPESAS - EVENTO 2199,NÃO SE APLICA,"TERMO DE FOMENTO DA LIGA ATLÉTICA DE CASTANHAL – LAC, ASSOCIAÇÃO CIVIL SEM FINS LUCRATIVOS, CASTANHAL – 2026.",10/06/2026,21/07/2026,CASTANHAL,FUNDO MUN. DE ESPORTE,REALIZADA,"440.000,00","440.000,00"
Lei n° 14.133/2021,021/2026,https://www.tcmpa.tc.br/mural-de-licitacoes/licitacoes/ficha/4330935,"DISPENSA, ART. 75, INCISOS VIII",NÃO SE APLICA,"AQUISIÇÃO EMERGENCIAL DE KIT DORMITÓRIO, COLCHÃO E IDENTIFICAÇÃO OFICIAL DOS KITS A SEREM ENTREGUES PARA CONCESSÃO DE AJUDA HUMANITÁRIA ÀS FAMÍLIAS AFETADAS PELAS CHUVAS INTENSAS, NO MUNICÍPIO DE TOMÉ-AÇU/PA, CONFORME SITUAÇÃO DE EMERGÊNCIA RECONHECIDA PELO GOVERNO FEDERAL E METAS APROVADAS PELA SEDEC/MIDR.",25/06/2026,21/07/2026,TOME-ACU,PREFEITURA MUNICIPAL DE TOME-ACU,PUBLICADA,"98.691,40","0,00"
Lei n° 14.133/2021,019.2/2026,https://www.tcmpa.tc.br/mural-de-licitacoes/licitacoes/ficha/4332779,PREGÃO ELETRÔNICO,MENOR PREÇO,"CONTRATAÇÃO DE EMPRESA ESPECIALIZADA NO FORNECIMENTO DE KITS DORMITÓRIO QUE ATENDAM OS CRITÉRIOS DE QUALIDADE EXIGIDOS, DE MODO A GARANTIR O CONFORTO MÍNIMO E BEM ESTAR DE FAMÍLIAS EM SITUAÇÃO DE VULNERABILIDADE SOCIAL, BEM COMO ATENDIMENTO DE DEMANDAS ESPONTÂNEAS DESTA SECRETARIA MUNICIPAL DE CIDADANIA, ASSISTÊNCIA SOCIAL E TRABALHO, CONFORME CONDIÇÕES, QUANTIDADES E EXIGÊNCIAS ESTABELECIDAS NESTE EDITAL E SEUS ANEXOS.",03/08/2026,21/07/2026,ANANINDEUA,FUNDO MUNICIPAL DE ASSIST SOCIAL,PUBLICADA,"3.930.100,00","0,00"
Lei n° 14.133/2021,003/2026-INEX,https://www.tcmpa.tc.br/mural-de-licitacoes/licitacoes/ficha/4313823,"INEXIGIBILIDADE, ART. 74, INCISO III, “C”",NÃO SE APLICA,"CONTRATAÇÃO DE SERVIÇOS TÉCNICOS ESPECIALIZADOS DE CONSULTORIA TÉCNICA LEGISLATIVA, CONSISTENTES NO ASSESSORAMENTO E SUPORTE TÉCNICO PARA ELABORAÇÃO, ANÁLISE E REVISÃO DE MATÉRIAS LEGISLATIVAS E ATOS NORMATIVOS NA CÂMARA MUNICIPAL DE BRAGANÇA.",06/05/2026,21/07/2026,BRAGANCA,CAMARA MUNICIPAL DE BRAGANCA,REALIZADA,"32.000,00","32.000,00"
Lei n° 14.133/2021,7.2026-030701,https://www.tcmpa.tc.br/mural-de-licitacoes/licitacoes/ficha/4333926,"DISPENSA, ART. 75, INCISO II",MENOR PREÇO,"CONTRATAÇÃO DE EMPRESA DE EVENTOS PARA ORGANIZAÇÃO E REALIZAÇÃO DO ""V FESTIVAL  DO TUÍ"", NA VILA PORÇÃO DO MUNICÍPIO DE GARRAFÃO DO NORTE-PA",08/07/2026,21/07/2026,GARRAFAO DO NORTE,PREFEITURA MUNICIPAL DE GARRAFAO DO NORTE,REALIZADA,"38.041,80","38.041,80"
Lei n° 14.133/2021,049/2026- PE,https://www.tcmpa.tc.br/mural-de-licitacoes/licitacoes/ficha/4334268,PREGÃO ELETRÔNICO,MENOR PREÇO,"CONTRATAÇÃO DE EMPRESA ESPECIALIZADA NA PRESTAÇÃO DE SERVIÇOS DE LOCAÇÃO DE VEÍCULOS COM CONDUTOR E MONITOR PARA TRANSPORTE ESCOLAR RODOVIÁRIO, VISANDO ATENDER ÀS NECESSIDADES DOS ALUNOS DAS REDES MUNICIPAL E ESTADUAL DE ITAITUBA/PA.",04/08/2026,21/07/2026,ITAITUBA,SEME/FUNDO M DE EDUCACAO,PUBLICADA,"644.442,75","0,00"
Lei n° 14.133/2021,014/2026,https://www.tcmpa.tc.br/mural-de-licitacoes/licitacoes/ficha/4333638,PREGÃO ELETRÔNICO,MENOR PREÇO,REGISTRO DE PREÇO PARA CONTRATAÇÃO DE EMPRESA ESPECIALIZADA NA PRESTAÇÃO DE SERVIÇO DE TRANSPORTE ESCOLAR DOS ALUNOS DO MUNICÍPIO DE SÃO FRANCISCO DO PARÁ.,04/08/2026,21/07/2026,SAO FRANCISCO DO PARA,FUNDO MUNICIPAL DE EDUCACAO,PUBLICADA,"4.513.622,40","0,00"
Lei n° 14.133/2021,7.2026-00011,https://www.tcmpa.tc.br/mural-de-licitacoes/licitacoes/ficha/4333641,"DISPENSA, ART. 75, INCISOS VIII",NÃO SE APLICA,"AQUISIÇÃO DE KITS FEMININOS, DESTINADOS AO ATENDIMENTO E RESPOSTA HUMANITÁRIA DA COORDENADORIA MUNICIPAL DE PROTEÇÃO E DEFESA CIVIL E DA SECRETARIA MUNICIPAL DE ASSISTÊNCIA SOCIAL, EM DECORRÊNCIA AOS ALAGAMENTOS OCORRIDOS NO MUNICÍPIO DE URUARÁ/PA",29/07/2026,21/07/2026,URUARA,FUNDO MUNICIPAL DE ASSISTENCIA SOCIAL,PUBLICADA,"67.496,00","0,00"
Lei n° 14.133/2021,ADESÃO A ATA DE REGISTRO DE PREÇO Nº 007/2026- PREGÃO ELETRONICO Nº 90008/2025,https://www.tcmpa.tc.br/mural-de-licitacoes/licitacoes/ficha/4333657,ADESÃO A ATA DE SRP (CONCORRÊNCIA PÚBLICA E PREGÃO PRESENCIAL OU ELETRÔNICO),MENOR PREÇO,"PRESTAÇÃO DE LOCAÇÃO DE VEÍCULOS AUTOMOTORES TERRESTRES, TIPO PASSEIO, SEM MOTORISTA, SEM FORNECIMENTO DE COMBUSTIVEL, COM QUILOMETRAGEM LIVRE",20/07/2026,21/07/2026,BELEM,SECON,PUBLICADA,"419.880,00","419.880,00"
Lei n° 14.133/2021,7.2026-00012,https://www.tcmpa.tc.br/mural-de-licitacoes/licitacoes/ficha/4333677,"DISPENSA, ART. 75, INCISO I",NÃO SE APLICA,"CONTRATAÇÃO DE EMPRESA ESPECIALIZADA PARA EXECUÇÃO DE COBERTURA METÁLICA PARA TATERSAL, NO MUNICÍPIO DE URUARÁ/PA, DE ACORDO COM AS ESPECIFICAÇÕES TÉCNICAS, PROJETOS E SERVIÇOS INSERIDOS NA PLANILHA ORÇAMENTÁRIA E DEMAIS ANEXOS QUE ACOMPANHARÃO ESTE DOCUMENTO",01/07/2026,21/07/2026,URUARA,PREFEITURA MUNICIPAL DE URUARA,PUBLICADA,"129.277,18","0,00"
Lei n° 14.133/2021,IN 121.2026.CPL,https://www.tcmpa.tc.br/mural-de-licitacoes/licitacoes/ficha/4333995,"INEXIGIBILIDADE, ART. 74, INCISO II",NÃO SE APLICA,"CONTRATAÇÃO DE 1 (UM) SHOW ARTÍSTICO LOCAL DO ARTISTA CREDENCIADO, NEGO LOIRO E BANDA, COM DURAÇÃO DE 02 (DUAS) HORAS, PARA INTEGRAR A PROGRAMAÇÃO CULTURAL DO VERANEIO, QUE OCORRERÁ EM 25 DE JULHO DE 2026",21/07/2026,21/07/2026,MARABA,SECRETARIA MUNICIPAL DE ADMINISTRACAO,PUBLICADA,"4.184,44","4.184,44"
Lei n° 14.133/2021,031/2026,https://www.tcmpa.tc.br/mural-de-licitacoes/licitacoes/ficha/4334328,PREGÃO ELETRÔNICO,MENOR PREÇO,"CONTRATAÇÃO DE EMPRESA ESPECIALIZADA PARA AQUISIÇÃO DE UM SISTEMA DE FLOTAÇÃO RETANGULAR POR AR DISSOLVIDO (DAF), DE PORTE COMPACTO, COM VAZÃO NOMINAL MÍNIMA DE 20 M3/H, INCLUINDO FORNECIMENTO, INSTALAÇÃO NO LOCAL, PARTIDA ASSISTIDA, TESTES DE FUNCIONAMENTO E TREINAMENTO OPERACIONAL INICIAL, DESTINADO AO TRATAMENTO PRIMÁRIO DOS DEJETOS ORGÂNICOS DO MATADOURO MUNICIPAL DE ABAETETUBA - PA.",04/08/2026,21/07/2026,ABAETETUBA,PREFEITURA MUNICIPAL DE ABAETETUBA,PUBLICADA,"718.866,67","0,00"
Lei n° 14.133/2021,030/2026 - SRP,https://www.tcmpa.tc.br/mural-de-licitacoes/licitacoes/ficha/4333221,PREGÃO ELETRÔNICO,MENOR PREÇO,"REGISTRO DE PREÇOS PARA FUTURA E EVENTUAL CONTRATAÇÃO DE EMPRESA PARA PRESTAÇÃO DE SERVIÇOS FUNERÁRIOS, DESTINADAS A ATENDER AS DEMANDAS DO MUNICIPIO DE NOVO PROGRESSO/PA",30/07/2026,20/07/2026,NOVO PROGRESSO,PREFEITURA MUNICIPAL DE NOVO PROGRESSO,PUBLICADA,"1.387.573,46","0,00"
Lei n° 14.133/2021,9.2026-024-PMJ,https://www.tcmpa.tc.br/mural-de-licitacoes/licitacoes/ficha/4333348,PREGÃO ELETRÔNICO,MENOR PREÇO,"CONTRATAÇÃO DE EMPRESA ESPECIALIZADA PARA A PRESTAÇÃO DE SERVIÇOS DE LOCAÇÃO, MONTAGEM, OPERAÇÃO, MANUTENÇÃO E DESMONTAGEM DE ESTRUTURAS DESTINADAS À REALIZAÇÃO DE EVENTOS, INCLUINDO PALCO, SISTEMAS DE SONORIZAÇÃO DE PEQUENO, MÉDIO E GRANDE PORTE, ILUMINAÇÃO CÊNICA, ESTRUTURAS METÁLICAS, TENDAS, BANHEIROS QUÍMICOS E DEMAIS ITENS CORRELATOS, VISANDO ATENDER ÀS DEMANDAS DO  GABINETE DO PREFEITO GP, DA SECRETARIA MUNICIPAL DE CULTURA, DESPORTO E LAZER  SECULT E DA SECRETARIA MUNICIPAL DE ADMINISTRAÇÃO E PLANEJAMENTO SEMAPLAN, NO MUNICÍPIO DE JACUNDÁ/PA.",03/08/2026,20/07/2026,JACUNDA,PREFEITURA MUNICIPAL DE JACUNDA,PUBLICADA,"4.081.998,04","0,00"
Lei n° 14.133/2021,Nº 06/2026-SRP/ PMA,https://www.tcmpa.tc.br/mural-de-licitacoes/licitacoes/ficha/4333345,PREGÃO ELETRÔNICO,MENOR PREÇO,"REGISTRO DE PREÇO PARA CONTRATAÇÃO DE PESSOA JURÍDICA PARA
CONTRATAÇÃO DE EMPRESA ESPECIALIZADA NO FORNECIMENTO DE SERVIÇO DE INTERNET DEDICADA E
COMUNICAÇÃO DE DADOS ATRAVÉS DE FIBRA ÓPTICA E VIA RÁDIO PARA ATENDER AS NECESSIDADES DA
PREFEITURA MUNICIPAL DE ALENQUER E SUAS SECRETARIAS, 24 HORAS/DIAS,7 DIAS/SEMANAS NA SEMANA,
COM LINK DE INTERNET FULL DUPLEX, DOWNLOAD E UPLOAD, INCLUINDO INSTALAÇÃO, EQUIPAMENTOS,
CONFIGURAÇÃO E MANUTENÇÃO QUE ATENDAM AS NECESSIDADES DA PREFEITURA MUNICIPAL DE
ALENQUER-PA,",03/06/2026,20/07/2026,ALENQUER,PREFEITURA MUNICIPAL DE ALENQUER,PUBLICADA,"1.586.720,00","0,00"
Lei n° 14.133/2021,046/2026,https://www.tcmpa.tc.br/mural-de-licitacoes/licitacoes/ficha/4333279,"DISPENSA, ART. 75, INCISOS IX",NÃO SE APLICA,"CONTRATAÇÃO DE SOLUÇÃO TECNOLÓGICA, EM MODELO SAAS, PARA GESTÃO, ACOMPANHAMENTO, CONTROLE E TRANSPARÊNCIA DAS EMENDAS IMPOSITIVAS MUNICIPAIS, INCLUINDO IMPLANTAÇÃO, LICENCIAMENTO, SUPORTE TÉCNICO, MANUTENÇÃO CORRETIVA E EVOLUTIVA PARA ATENDER AS NECESSIDADES DO MUNICÍPIO DE CASTANHAL/PA.",13/04/2026,20/07/2026,CASTANHAL,PREFEITURA MUNICIPAL DE CASTANHAL,REALIZADA,"447.824,08","447.824,08"
Lei n° 14.133/2021,9.2026-026 FMAS,https://www.tcmpa.tc.br/mural-de-licitacoes/licitacoes/ficha/4333431,PREGÃO ELETRÔNICO,MENOR PREÇO,"AQUISIÇÃO DE 01 (UM) VEÍCULO AUTOMOVEL TIPO VAN, 0KM, ADAPTADO PARA O  
TRANSPORTE DE PESSOAS COM DEFICIÊNCIA (PCD) MEDIANTE EMENDA PARLAMENTAR N° 202536920005, PARA ATENDER AS DEMANDAS DA SECRETARIA MUNICIPAL DE ASSISTÊNCIA SOCIAL SEMAS.",31/07/2026,20/07/2026,JACUNDA,FUNDO MUN.DE ASSISTENCIA SOCIAL,PUBLICADA,"334.499,51","0,00"
Lei n° 14.133/2021,004/2026IN/SEMEC,https://www.tcmpa.tc.br/mural-de-licitacoes/licitacoes/ficha/4333259,"INEXIGIBILIDADE, ART. 74, INCISO III, “C”",NÃO SE APLICA,"CONTRATAÇÃO DE PESSOA JURÍDICA ESPECIALIZADA PARA PRESTAÇÃO DE SERVIÇOS TÉCNICOS DE ASSESSORIA E CONSULTORIA EDUCACIONAL, COM EXPERTISE EM GESTÃO ADMINISTRATIVA, POLÍTICA PÚBLICAS EDUCACIONAIS, ORGANIZAÇÃO NORMATIVA, PLANEJAMENTO ESTRATÉGICO E FORTALECIMENTO DA GESTÃO PUBLICA EDUCACIONAL, VISANDO O ACOMPANHAMENTO, ASSESSORAMENTO E MONITORAMENTO DA ESTRUTURA ADMINISTRATIVA E FORTALECIMENTO DA REDE MUNICIPAL DE ENSINO, ATENDENDO AS NECESSIDADES DA SECRETARIA MUNICIPAL DE EDUCAÇÃO E CULTURA - SEMEC.",15/01/2026,20/07/2026,RUROPOLIS,SEC MUN DE EDUCACAO,REALIZADA,"245.645,88","240.000,00"
Lei n° 14.133/2021,ARP-004-FMAS/2025,https://www.tcmpa.tc.br/mural-de-licitacoes/licitacoes/ficha/4333524,ADESÃO A ATA DE SRP (CONCORRÊNCIA PÚBLICA E PREGÃO PRESENCIAL OU ELETRÔNICO),MENOR PREÇO,"AQUISIÇÃO DE UM VEÍCULO TIPO PICAPE, TRAÇÃO 4X4, NA COR BRANCA COM CARROCERIA (ZERO QUILÔMETRO) ANO/MODELO: 2025, CABINE DUPLA, 4 PORTAS, CAPACIDADE PARA 5 LUGARES, COMBUSTÃO À DIESEL, TRANSMISSÃO MANUAL DE 6 MARCHAS, AR-CONDICIONADO, VIDRO ELÉTRICO; TANQUE DE COMBUSTÍVEL COM CAPACIDADE MÍNIMA DE70L; CAPACIDADE DE CARGA MÍNIMA DE 1.000 KG; AIRBAGS DUPLO FRONTAL; FREIOS ABS; COMPUTADOR DE BORDO;CENTRAL/KIT MULTIMÍDIA OU RÁDIO AM/FM; PROTETOR DE CAÇAMBA, EQUIPADO COM TODOS OS ACESSÓRIOS EXIGIDOS PELO CONTRAN, DOCUMENTAÇÃO (EMPLACAMENTO/ LICENCIAMENTO) EM NOME DO ENTE FEDERADO, GARANTIA DE FÁBRICA DE NO MÍNIMO 12 (DOZE) MESES, PARA SUPRIR AS DEMANDAS DOS SERVIÇOS CADASTRO ÚNICO, PARA POSSIBILITAR A MELHORIA DAS CONDIÇÕES DE ATENDIMENTO, VISITAS DOMICILIARES E AMPLIAÇÃO DO ACESSO AOS SERVIÇOS E O APRIMORAMENTO DA GESTÃO.",10/10/2025,20/07/2026,ORIXIMINA,FUNDO MUNICIPAL DE ASSISTENCIA SOCIAL,PUBLICADA,"256.000,00","256.000,00"
Lei n° 14.133/2021,38/2026,https://www.tcmpa.tc.br/mural-de-licitacoes/licitacoes/ficha/4333331,PREGÃO ELETRÔNICO,MENOR PREÇO,REGISTRO DE PREÇOS PARA EVENTUAL CONTRATAÇÃO DE EMPRESA PARA PRESTAR SERVIÇOS DE MALHARIA EM GERAL PARA ATENDER AS NECESSIDADES DA SECRETARIA MUNICIPAL DE SAÚDE DE AUGUSTO CORRÊA/PA.,13/08/2026,20/07/2026,AUGUSTO CORREA,FUNDO MUNICIPAL DE SAUDE,PUBLICADA,"909.181,00","0,00"
Lei n° 14.133/2021,7/2026-022FME,https://www.tcmpa.tc.br/mural-de-licitacoes/licitacoes/ficha/4333398,"DISPENSA, ART. 75, INCISOS XV",NÃO SE APLICA,"CONTRATAÇÃO DA FUNDAÇÃO DE AMPARO E DESENVOLVIMENTO A PESQUISA (FADESP) PARA A EXECUÇÃO DE CURSOS PRESENCIAIS RELACIONADOS À 3ª EDIÇÃO DO PROJETO DA CAPACITAÇÃO: PRATICAR PARA AVANÇAR, PARA ATENDER AS NECESSIDADES DA SECRETARIA MUNICIPAL DE EDUCAÇÃO DE TUCUMÃ.",29/06/2026,20/07/2026,TUCUMA,FUNDO MUNICIPAL DE EDUCACAO,REALIZADA,"318.596,00","318.596,00"
Lei n° 14.133/2021,0013/2026,https://www.tcmpa.tc.br/mural-de-licitacoes/licitacoes/ficha/4333790,PREGÃO ELETRÔNICO,MENOR PREÇO,"REGISTRO DE PREÇOS PARA FUTURA E EVENTUAL CONTRATAÇÃO DE EMPRESA ESPECIALIZADA PARA O FORNECIMENTO DE MATERIAIS DE COPA, COZINHA, HIGIENE, LIMPEZA E DESCARTÁVEIS, DESTINADOS AO ATENDIMENTO DAS NECESSIDADES DE ABASTECIMENTO, MANUTENÇÃO DAS CONDIÇÕES DE HIGIENE, LIMPEZA, CONSERVAÇÃO E FUNCIONAMENTO DAS UNIDADES ADMINISTRATIVAS E DE SAÚDE, VISANDO SUPRIR AS DEMANDAS DA SECRETARIA MUNICIPAL DE SAÚDE DE PORTEL/PA.",31/07/2026,20/07/2026,PORTEL,FUNDO MUNICIPAL DE SAUDE DE PORTEL,PUBLICADA,"3.177.318,16","0,00"
Lei n° 14.133/2021,2025.10.17.001,https://www.tcmpa.tc.br/mural-de-licitacoes/licitacoes/ficha/4332699,"INEXIGIBILIDADE, ART. 74, INCISO III, “F”",NÃO SE APLICA,CONTRATAÇÃO DE PRESTADOR DE SERVIÇO PARA MINISTRAR CURSO DE FORMAÇÃO E ATUALIZAÇÃO DE FISCAIS TRIBUTÁRIOS MUNICIPAIS,17/11/2025,20/07/2026,SANTA IZABEL DO PARA,PREFEITURA MUNICIPAL DE SANTA IZABEL DO PARA,REALIZADA,"28.000,00","28.000,00"
Lei n° 14.133/2021,PE/9.2026-020/PMP,https://www.tcmpa.tc.br/mural-de-licitacoes/licitacoes/ficha/4333213,PREGÃO ELETRÔNICO,MENOR PREÇO,"CONTRATAÇÃO DE EMPRESA PARA AQUISIÇÃO DE UM VEÍCULO TIPO CAMINHONETE PICK-UP 4X4, CABINE DUPLA, VISANDO ATENDER ÀS NECESSIDADES DA SECRETARIA MUNICIPAL DE PRODUÇÃO DO MUNICÍPIO DE PRAINHA/PA, CONFORME CONVÊNIO Nº 004/2025.",31/07/2026,20/07/2026,PRAINHA,PREFEITURA MUNICIPAL DE PRAINHA,PUBLICADA,"289.300,00","0,00"
Lei n° 14.133/2021,004/2024,https://www.tcmpa.tc.br/mural-de-licitacoes/licitacoes/ficha/4333458,"INEXIGIBILIDADE, ART. 74, INCISO III, “C”",NÃO SE APLICA,"CONTRATAÇÃO DE MÉDICO ESPECIALIZADO EM EXAMES DE ULTRASSONOGRAFIA, PRESTADOS AO MUNICÍPIO DE NOVA ESPERANÇA DO PIRIÁ-PA",17/01/2024,20/07/2026,NOVA ESPERANCA DO PIRIA,PREFEITURA MUNICIPAL DE NOVA ESPERANCA DO PIRIA,REALIZADA,"9.000,00","9.000,00"
Lei n° 14.133/2021,ADESÃO DE ATA REGISTRO DE PREÇOS – Nº 001/2026,https://www.tcmpa.tc.br/mural-de-licitacoes/licitacoes/ficha/4333738,ADESÃO A ATA DE SRP (CONCORRÊNCIA PÚBLICA E PREGÃO PRESENCIAL OU ELETRÔNICO),NÃO SE APLICA,AQUISIÇÃO DE CENTRAL DE AR PARA ATENDER AS NECESSIDADES DA PREFEITURA MUNICIPAL DO MUNICIPIO DE SÃO JOÃO DA PONTA/PA.,21/05/2026,20/07/2026,SAO JOAO DA PONTA,PREFEITURA MUNICIPAL DE SAO JOAO DA PONTA,REALIZADA,"399.553,17","385.640,00"
Lei n° 14.133/2021,031/2026,https://www.tcmpa.tc.br/mural-de-licitacoes/licitacoes/ficha/4333239,PREGÃO ELETRÔNICO,MENOR PREÇO,"AQUISIÇÃO DE MATERIAIS, PRODUTOS QUÍMICOS E ACESSÓRIOS DESTINADOS À MANUTENÇÃO, LIMPEZA, TRATAMENTO E CONSERVAÇÃO DA PISCINA DO COMPLEXO DA JUVENTUDE, GARANTINDO CONDIÇÕES ADEQUADAS DE HIGIENE, SEGURANÇA, SALUBRIDADE E FUNCIONAMENTO PARA OS USUÁRIOS, PARA ATENDER AS NECESSIDADES DA SECRETARIA MUNICIPAL DE ESPORTE E LAZER DE ALTAMIRA-PA",03/08/2026,20/07/2026,ALTAMIRA,PREFEITURA MUNICIPAL DE ALTAMIRA,PUBLICADA,"216.383,50","0,00"
Lei n° 14.133/2021,A/2026-0001,https://www.tcmpa.tc.br/mural-de-licitacoes/licitacoes/ficha/4333562,ADESÃO A ATA DE SRP (CONCORRÊNCIA PÚBLICA E PREGÃO PRESENCIAL OU ELETRÔNICO),MENOR PREÇO,"ADESÃO PARCIAL À ATA DE REGISTRO DE PREÇOS, DECORRENTE DO PROCESSO LICITATÓRIO NA MODALIDADE PREGÃO ELETRÔNICO Nº 9/2025-0036-PE-SRP DO MUNICÍPIO DE IPIXUNA DO PARÁ, CUJO OBJETO É A AQUISIÇÃO DE MATERIAIS PERMANENTES, OBJETIVANDO ATENDER AS NECESSIDADES DA SECRETARIA MUNICIPAL DE EDUCAÇÃO DE SÃO MIGUEL DO GUAMÁ-PA",13/03/2026,20/07/2026,SAO MIGUEL DO GUAMA,FUNDEB,REALIZADA,"1.019.117,91","895.126,06"
Lei n° 14.133/2021,6/2026-030FMDCA,https://www.tcmpa.tc.br/mural-de-licitacoes/licitacoes/ficha/4333668,"INEXIGIBILIDADE, ART. 74, INCISO V",NÃO SE APLICA,"LOCAÇÃO DE IMÓVEL PARA O FUNCIONAMENTO DO CONSELHO TUTELAR DE TUCUMÃ, VINCULADO AO FUNDO MUNICIPAL DOS DIREITOS DA CRIANÇA E DO ADOLESCENTE.",07/07/2026,20/07/2026,TUCUMA,FUNDO MUNIC. DIREITOS CRIANCA E ADOLESC.,REALIZADA,"126.727,80","126.727,80"
Lei n° 14.133/2021,9.2026-079,https://www.tcmpa.tc.br/mural-de-licitacoes/licitacoes/ficha/4333673,PREGÃO ELETRÔNICO,MENOR PREÇO,"REGISTRO DE PREÇOS PARA FUTURA OU
EVENTUAL CONTRATAÇÃO DE EMPRESA NO FORNECIMENTO DE VIDROS E ACESSÓRIOS DE VIDRAÇARIA COM
INSTALAÇÃO COMPLETA, PARA UTILIZAÇÃO EM INFRAESTRUTURAS PREDIAIS DE BENS IMÓVEIS PERTENCENTES A REDE
PÚBLICA MUNICIPAL DE ENSINO GERENCIADA PELA SECRETARIA MUNICIPAL DE EDUCAÇÃO DE BRAGANÇA/PA.",31/07/2026,20/07/2026,BRAGANCA,FUNDO MUNICIPAL DE EDUCACAO,PUBLICADA,"3.203.836,00","0,00"
Lei n° 14.133/2021,A.2025-008 FME,https://www.tcmpa.tc.br/mural-de-licitacoes/licitacoes/ficha/4329740,ADESÃO A ATA DE SRP (CONCORRÊNCIA PÚBLICA E PREGÃO PRESENCIAL OU ELETRÔNICO),MENOR PREÇO,"PRESTAÇÃO DE SERVIÇOS DE ORGANIZAÇÃO DE EVENTOS (LOCAÇÃO DE EQUIPAMENTOS DE  
ILUMINAÇÃO, SONORIZARÃO, PALCO E OUTROS) PARA ATENDER AS NECESSIDADES DO FUNDO  
MUNICIPAL DE EDUCAÇÃO.",27/08/2025,20/07/2026,SENADOR JOSE PORFIRIO,FUNDO MUNICIPAL DE EDUCACAO,PUBLICADA,"132.458,02","0,00"
Lei n° 14.133/2021,37/2026,https://www.tcmpa.tc.br/mural-de-licitacoes/licitacoes/ficha/4333308,PREGÃO ELETRÔNICO,MENOR PREÇO,"REGISTRO DE PREÇOS PARA A CONTRATAÇÃO DE SERVIÇOS GRÁFICOS E COMUNICAÇÃO VISUAL, PARA ATENDER AS DEMANDAS DA SECRETARIA MUNICIPAL DE SAÚDE DE AUGUSTO CORRÊA/PA.",11/08/2026,20/07/2026,AUGUSTO CORREA,FUNDO MUNICIPAL DE SAUDE,PUBLICADA,"1.204.769,05","0,00"
Lei n° 14.133/2021,PE 117.26.SMS,https://www.tcmpa.tc.br/mural-de-licitacoes/licitacoes/ficha/4332967,PREGÃO ELETRÔNICO,MENOR PREÇO,"CONTRATAÇÃO DE PESSOA JURÍDICA DE DIREITO PRIVADO PARA A PRESTAÇÃO DE SERVIÇOS MÉDICOS ESPECIALIZADO NA ÁREA DE ULTRASSONOGRAFIA, DESTINADOS AO ATENDIMENTO DAS DEMANDAS ASSISTENCIAIS DO HOSPITAL MATERNO INFANTIL DE MARABÁ (HMI), A SEREM EXECUTADOS COM REGIME DE DEDICAÇÃO EXCLUSIVA DE MÃO DE OBRA.",04/08/2026,20/07/2026,MARABA,FUNDO MUNICIPAL DE SAUDE,PUBLICADA,"2.520.000,00","0,00"
Lei n° 14.133/2021,6.2025-00017,https://www.tcmpa.tc.br/mural-de-licitacoes/licitacoes/ficha/4333263,"INEXIGIBILIDADE, ART. 74, INCISO II",NÃO SE APLICA,"CONTRATAÇÃO DE SHOW ARTÍSTICO COM A APRESENTAÇÃO DO DJ
GIGIO BOY, EM OCASIÃO DO XL FESTIVAL DA CULTURA IRITUIENSE, COM O
OBJETIVO DE ATENDER ÀS NECESSIDADES DA SECRETARIA MUNICIPAL DE
DESPORTO, CULTURA E TURISMO DO MUNICÍPIO DE IRITUIA/PA.",20/05/2026,20/07/2026,IRITUIA,PREFEITURA MUNICIPAL DE IRITUIA,REALIZADA,"150.000,00","150.000,00"
Lei n° 14.133/2021,7.2025-006,https://www.tcmpa.tc.br/mural-de-licitacoes/licitacoes/ficha/4332653,"DISPENSA, ART. 75, INCISO II",MENOR PREÇO,"CONTRATAÇÃO DE EMPRESA ESPECIALIZADA PARA PRESTAÇÃO DE SERVIÇOS DE INSTALAÇÃO, REMOÇÃO, MANUTENÇÃO PREVENTIVA, PREDITIVA E CORRETIVA EM APARELHOS DE AR CONDICIONADOS, CENTRAIS DE AR E APARELHOS DE REFRIGERAÇÃO PARA ATENDER AS DEMANDAS DAS SECRETARIAS DO MUNICÍPIO DE GOIANÉSIA DO PARÁ.",30/04/2025,20/07/2026,GOIANESIA DO PARA,SECRETÁRIA MUNICIPAL DE PLANEJAMENTO E ADMINISTRAÇÃO,REALIZADA,"60.596,89","58.780,72"
Lei n° 14.133/2021,INEXIGIBILIDADE Nº 008/2026,https://www.tcmpa.tc.br/mural-de-licitacoes/licitacoes/ficha/4333782,"INEXIGIBILIDADE, ART. 74, INCISO II",MELHOR TÉCNICA OU CONTEÚDO ARTÍSTICO,"PRESTAÇÃO DE SERVIÇOS ARTÍSTICOS DE APRESENTAÇÃO MUSICAL ATRAVÉS DO CANTOR WILLY LIMA, PARA A PROGRAMAÇÃO PROMOVIDA PELA PREFEITURA MUNICIPAL DE SÃO JOÃO DA PONTA/PA.",10/07/2026,20/07/2026,SAO JOAO DA PONTA,PREFEITURA MUNICIPAL DE SAO JOAO DA PONTA,REALIZADA,"90.000,00","40.000,00"
Lei n° 14.133/2021,006/2026,https://www.tcmpa.tc.br/mural-de-licitacoes/licitacoes/ficha/4331221,"INEXIGIBILIDADE, ART. 74, INCISO II",MELHOR TÉCNICA OU CONTEÚDO ARTÍSTICO,"PRESTAÇÃO DE SERVIÇOS ARTÍSTICOS DE APRESENTAÇÃO DA APARELHAGEM LUXUOSO TAMATA DURANTE A PROGRAMAÇÃO DO 42° FESTIVAL DA GÓ 2026, NO DISTRITO DE BOA VISTA, MUNICÍPIO DE QUATIPURU/PA.",12/06/2026,20/07/2026,QUATIPURU,PREFEITURA MUNICIPAL DE QUATIPURU,REALIZADA,"100.000,00","100.000,00"
Lei n° 14.133/2021,9.2025-025-PMJ,https://www.tcmpa.tc.br/mural-de-licitacoes/licitacoes/ficha/4333298,PREGÃO ELETRÔNICO,MENOR PREÇO,"REGISTRO DE PREÇOS PARA A EVENTUAL AQUISIÇÃO DE ÓLEOS LUBRIFICANTES, ADITIVOS, FLUIDOS DE FREIO, GRAXAS E PRODUTOS AFINS, VISANDO O ATENDIMENTO DAS DEMANDAS DE MANUTENÇÃO PREVENTIVA E CORRETIVA DA FROTA DE VEÍCULOS E MÁQUINAS DAS SECRETARIAS MUNICIPAIS DURANTE O EXERCÍCIO DE 2026.",30/07/2026,20/07/2026,JACUNDA,PREFEITURA MUNICIPAL DE JACUNDA,PUBLICADA,"2.096.060,84","0,00"
Lei n° 14.133/2021,001/2026,https://www.tcmpa.tc.br/mural-de-licitacoes/licitacoes/ficha/4333356,"DISPENSA, ART. 75, INCISO II",NÃO SE APLICA,"CONTRATAÇÃO DE EMPRESA ESPECIALIZADA NA PRESTAÇÃO DE SERVIÇOS DE PLANEJAMENTO, ORGANIZAÇÃO, COORDENAÇÃO, PRODUÇÃO, OPERACIONALIZAÇÃO E EXECUÇÃO DO EVENTO INSTITUCIONAL GALERIA DO SERVIDOR.",19/06/2026,20/07/2026,ANANINDEUA,ESCOLA DE GOVERNANÇA PUBLICA DE ANANINDEUA - EGPA,REALIZADA,"25.000,00","25.000,00"
Lei n° 14.133/2021,015/2026 INEX,https://www.tcmpa.tc.br/mural-de-licitacoes/licitacoes/ficha/4333463,"INEXIGIBILIDADE, ART. 74, INCISO II",MENOR PREÇO,"CONTRATAÇÃO DE SHOW ARTÍSTICO COM A BANDA REGIONAL FORRÓ ELITIZADO E ARTISTAS LOCAIS, PARA O FESTIVAL JUNINO, A REALIZAR-SE NA ORLA DO LAGO MUNICIPAL, NOS DIAS 26 E 27 DE JUNHO DE 2026, NO MUNICÍPIO DE NOVO PROGRESSO – PA.",15/06/2026,20/07/2026,NOVO PROGRESSO,PREFEITURA MUNICIPAL DE NOVO PROGRESSO,PUBLICADA,"200.000,00","200.000,00"
Lei n° 14.133/2021,ADESÃO DE ATA REGISTRO DE PREÇOS – Nº 002/2026,https://www.tcmpa.tc.br/mural-de-licitacoes/licitacoes/ficha/4333766,ADESÃO A ATA DE SRP (CONCORRÊNCIA PÚBLICA E PREGÃO PRESENCIAL OU ELETRÔNICO),NÃO SE APLICA,"AQUISIÇÃO DE CENTRAL DE AR, A FIM DE ATENDER AS NECESSIDADES DA SECRETARIA DE EDUCAÇÃO DO MUNICÍPIO DE SÃO JOÃO DA PONTA/PA.",21/05/2026,20/07/2026,SAO JOAO DA PONTA,FUNDO MUNICIPAL DE EDUCACAO,REALIZADA,"399.553,17","385.640,00"
Lei n° 14.133/2021,A.2025-003 FME,https://www.tcmpa.tc.br/mural-de-licitacoes/licitacoes/ficha/4329714,ADESÃO A ATA DE SRP (CONCORRÊNCIA PÚBLICA E PREGÃO PRESENCIAL OU ELETRÔNICO),MENOR PREÇO,"ADESÃO A ATA DE REGISTRO DE PREÇOS PARA AQUISIÇÃO DE MATERIAL DE  
LIMPEZA PARA ATENDER AS DEMANDAS DO FUNDO MUNICIPAL DE EDUCAÇÃO DE SENADOR JOSÉ  
PORFÍRIO/PA",06/05/2025,20/07/2026,SENADOR JOSE PORFIRIO,FUNDO MUNICIPAL DE EDUCACAO,PUBLICADA,"607.532,72","607.532,72"
Lei n° 14.133/2021,ADESÃO DE ATA REGISTRO DE PREÇOS - Nº 003/2026,https://www.tcmpa.tc.br/mural-de-licitacoes/licitacoes/ficha/4333758,ADESÃO A ATA DE SRP (CONCORRÊNCIA PÚBLICA E PREGÃO PRESENCIAL OU ELETRÔNICO),NÃO SE APLICA,"AQUISIÇÃO DER CENTRAL DE AR, A FIM DE ATENDER AS NECESSIDADES DA SECRETARIA DE SAÚDE DO MUNICÍPIO DE SÃO JOÃO DA PONTA/PA.",21/05/2026,20/07/2026,SAO JOAO DA PONTA,FUNDO MUNICIPAL DE SAUDE,REALIZADA,"399.553,17","385.640,00"
Lei n° 14.133/2021,6050/2026,https://www.tcmpa.tc.br/mural-de-licitacoes/licitacoes/ficha/4333592,"INEXIGIBILIDADE, ART. 74, INCISO II",NÃO SE APLICA,"CONTRATAÇÃO DA ARTISTA JU MARQUES PARA APRESENTAÇÃO ARTÍSTICA NO FESTIVAL DE VERÃO 2026, A SER REALIZADO NO MUNICÍPIO DE BARCARENA, ESTADO DO PARÁ.",18/06/2026,20/07/2026,BARCARENA,PREFEITURA MUNICIPAL DE BARCARENA,REALIZADA,"250.000,00","250.000,00"
Lei n° 14.133/2021,012/2026-SEMED/PMLA,https://www.tcmpa.tc.br/mural-de-licitacoes/licitacoes/ficha/4306756,PREGÃO ELETRÔNICO,MENOR PREÇO,FORMAÇÃO DE REGISTRO DE PREÇO PARA FUTURA E EVENTUAL AQUISIÇÃO DE GÊNEROS ALIMENTÍCIOS (PERECÍVEIS E NÃO PERECÍVEIS) PARA ATENDIMENTO AO PROGRAMA NACIONAL DE ALIMENTAÇÃO ESCOLAR DO MUNICÍPIO DE LIMOEORO DO AJURU/PA.,29/05/2026,20/07/2026,LIMOEIRO DO AJURU,FUNDO MUNICIPAL DE EDUCAÇÃO,PUBLICADA,"3.905.525,60","0,00"
Lei n° 14.133/2021,INEXIGIBILIDADE Nº 007/2026,https://www.tcmpa.tc.br/mural-de-licitacoes/licitacoes/ficha/4333774,"INEXIGIBILIDADE, ART. 74, INCISO II",MELHOR TÉCNICA OU CONTEÚDO ARTÍSTICO,"PRESTAÇÃO DE SERVIÇOS ARTÍSTICOS DE APRESENTAÇÃO MUSICAL ATRAVÉS DO CANTOR THIAGO COSTA, PARA A PROGRAMAÇÃO PROMOVIDA PELA PREFEITURA MUNICIPAL DE SÃO JOÃO DA PONTA/PA.",07/07/2026,20/07/2026,SAO JOAO DA PONTA,PREFEITURA MUNICIPAL DE SAO JOAO DA PONTA,REALIZADA,"53.333,33","35.000,00"
Lei n° 14.133/2021,DP 03.2026.CPL,https://www.tcmpa.tc.br/mural-de-licitacoes/licitacoes/ficha/4333231,"DISPENSA, ART. 75, INCISO II",NÃO SE APLICA,"AQUISIÇÃO DE MATERIAIS E EQUIPAMENTOS PARA POSSIBILITAR QUE O DESENVOLVIMENTO DE ATIVIDADES ESPORTIVAS, RECREATIVAS E DE LAZER AQUÁTICO PROMOVIDAS PELA SECRETARIA MUNICIPAL DE ESPORTE E LAZER (SEMEL).",22/06/2026,20/07/2026,MARABA,SECRETARIA MUNICIPAL DE ADMINISTRACAO,REALIZADA,"56.726,40","56.726,40"
